Letter,Tot. SSE,H0,H1,H2,H3,H4,H5,H6,H7,H8,H9,"['A', 'H']","['B', 'K', 'P', 'R']","['C', 'D', 'G', 'O', 'Q']","['E', 'F', 'L']","['I', 'J', 'T']","['M', 'N']","['U', 'V', 'Y']","['W', 'X']","['S', 'Z']"
'A',0.0015081668137180454,0.98494353977188354,0.96058503373154824,0.20275241581585243,0.99127998689727714,0.012106668840797644,0.99188433586414781,0.93196505456562506,0.015038586392694673,0.89771963603407978,0.61499696756724243,0.97401000198240328,1.577790235352089e-08,1.2668496046717443e-05,0.010403489535615519,8.0331464269234911e-06,2.1267188829835209e-06,0.0042258598219252937,0.012243267374245975,0.00044573194442785883,0.0015687022142099039,0.01239023288232576,4.8378380639247315e-06,0.0053557630111091478,0.016320915958599597,5.2038058607868906e-07,2.4946625015498745e-08,1.3426630702135949e-05,0.001868917312748138,1.0453822581745928e-05,0.00026470918856734269,0.010037697443519216,7.0516329747483146e-06,0.00066337062889806648,3.7837947207302889e-06,0.0008387182541439495,4.9566193106293149e-05
'A',0.0018317658832790065,0.97790517348309969,0.93935956068686588,0.20812170708708169,0.99805553900786981,0.10245376688254815,0.99779633570053605,0.98548885288159671,0.0039881116933762374,0.68544363834834909,0.52235868647517747,0.97055861174391633,2.6956087837139849e-08,4.1623253350717227e-05,0.0060219602911403452,3.0889019200866275e-05,7.8555783153269065e-06,0.0026005081651694901,0.023741674986248594,0.00024995711090323834,0.0020688405051147128,0.0042683011891037946,1.229265177345351e-05,0.0050891214038469787,0.0096370712874724769,2.9097440736616987e-06,6.6972354774296772e-08,7.6931365869307719e-06,0.00085655153350968813,1.6594985933527952e-05,0.00035462461822244616,0.014615661774690626,1.4943441242989951e-05,0.00061338768517696872,2.9512424739783307e-06,0.0014444587201180087,1.7282906100878049e-05
'A',0.004461140181145698,0.97385069650257117,0.98922694647519938,0.079053485211141528,0.98461508638237993,0.050219921123040627,0.96545337259401576,0.95179149923345618,0.00037112314605194122,0.8704888239268419,0.99982375683493596,0.95036852592142729,2.414594877505257e-08,6.9445931822734184e-06,0.0010087139957800459,1.4210810480055497e-06,2.8309332805912962e-06,0.0064391273807446938,0.039236581509259738,0.00081416381148758938,0.00039860792060609091,0.017100231783816134,6.4147794771064261e-07,0.0054868446894603762,0.0079879710217561854,8.1463196895346955e-08,1.8918642344825509e-07,6.1320104941379716e-06,0.0042694668562588186,2.4207947227500111e-05,0.00088915153428421509,0.0029352922391996158,9.9060730430567991e-07,0.00029936282176540525,2.4128873620397601e-06,0.00099481510395217632,1.0087644682320443e-05
'B',0.0041372059131957011,2.3839150510569614e-05,0.9999460845532111,0.97860499074826113,0.013898714496314076,0.78322613577971489,0.037363544331813721,0.065167723319241269,0.95048393060750036,0.063184585631944762,0.99912868269377308,3.6041503843965181e-07,0.95585522363345465,0.00015299997303398527,1.2872382662728281e-05,5.4467501118207631e-05,3.5705904137513425e-05,0.023092055999650796,9.0673180761151087e-06,0.0016645074104482882,0.00010199136456514314,3.2980451238753187e-06,0.0085270717100007568,0.011006779212502883,0.00031740370026022991,0.022164042279703023,0.024439255515345943,0.00016855909175575215,0.0004787900938473272,0.014508082037520968,3.6201294616137233e-05,4.4471300485391736e-06,0.00023460050234244432,0.00022419607145612329,0.00083820213745311456,0.0012427329444590456,0.012522544615324921
'B',0.0049176481559874497,0.00011825428931371048,0.99992907768590855,0.96559771187066534,0.013358790168332082,0.86360177564600682,0.072914183358805257,0.11084749267538987,0.94726548100007146,0.031720966017502003,0.99499260564507874,3.0622117077421687e-07,0.95010984676877841,0.00018155236983936497,7.7060042397852641e-06,8.6693126916565316e-05,5.9397539872983762e-05,0.01442777680024156,1.1265973094952485e-05,0.0010289719410238221,7.760966529684738e-05,2.405508417010546e-06,0.0094651147026565182,0.0075583744902113338,0.00026343056927283492,0.028257807655073734,0.030842541960657055,0.00013632704327484508,0.00045492743717934686,0.016590359480052202,3.14399260838709e-05,3.1914259255020444e-06,0.00021685474738762016,0.00022134400346835009,0.00074508117595760111,0.0010035953205950244,0.0067581932040375794
'B',0.0041545740585683735,2.3945005146061761e-05,0.99994585701594529,0.97901851268224938,0.013857202282149268,0.78273387825793572,0.036844164297895998,0.066189735351163043,0.94958854520196567,0.063257736988656027,0.99911522972656452,3.6209546892245421e-07,0.95572781514839644,0.00015292890653322442,1.2951803784166985e-05,5.4295446294382629e-05,3.5722246697074601e-05,0.023125236518753537,9.0831692937325624e-06,0.001651497508415108,0.00010240079580090535,3.3041572690267819e-06,0.008452838467811594,0.011091729653618054,0.00031750815338799348,0.022325369793121188,0.024427481937948425,0.00016907566737631586,0.00048100700503448968,0.014443521878937004,3.6330044572428464e-05,4.4358926125199775e-06,0.00023521694682940867,0.00022364894717327884,0.00083406159043612283,0.0012431633045940651,0.012493218006139095
'C',0.77341313010881652,0.0070323170527210582,0.58728422000108071,0.98420376044327285,0.98301720002716308,0.63297560168834921,0.0032862532969887455,0.93478166894010295,0.95228448237382601,0.053542426982148901,0.12238602492727285,3.9270610886967397e-05,0.0040154780019930987,0.38075202292731436,0.037761117115089581,0.00014855762446379045,3.8901936950392251e-05,0.0037214179895606091,0.000442803191710683,5.582910171160588e-07,0.0024659541027899075,3.0308846232281533e-06,0.0050126258997404164,0.00081457898291350909,9.8215571983615142e-07,0.62278725304982063,0.0003565768730260777,0.022689486956529482,3.4471350917068626e-05,9.1749154593874961e-07,5.9055378978150317e-05,0.0074159588762857881,0.0046754052140470124,0.00017068555690999106,1.792622392053329e-05,0.0011443653237282196,6.1900686824125162e-05
'C',0.0078113595832163723,0.15673546185114137,0.35611537895870427,0.014498751516155987,0.96958426182173896,0.98468792429587371,0.15578547366150847,0.89489557204292258,0.90794514952571004,0.0026690200409022142,0.19410574769911088,0.00046826825568794259,0.00017172455982016109,0.95621157050152905,0.0011994158750693708,0.0049529712974694428,0.0076898099108123341,0.00028690147673631026,0.042228738568701962,1.0144742131219897e-05,0.0033323994002277934,6.102411107693973e-05,0.0039223816147052684,2.414846972652293e-05,7.6835025304136717e-07,0.023951767190354942,0.042098280854819842,0.008538683113681703,0.00048011564994262064,6.0054569896944134e-05,0.0014846016385919119,0.037849469711147415,0.00017722904639073296,0.01202948367158066,9.2369369621063909e-05,0.00032720214016514253,2.01515090983212e-06
'C',0.012128891747924702,0.013249048297918431,0.98628711724329687,0.12954373553255641,0.89912834804978048,0.89036448514359345,0.077045150136382232,0.71495098740324503,0.92668846995163512,0.1943449543014929,0.023069554264674972,0.00040599085336851372,0.00027607694662535741,0.92734707592855048,0.034295704304651065,0.019717844254924358,3.5757116080072864e-05,0.0012920545804145681,0.003033929009994025,2.3173732249459953e-05,0.028754663979756165,8.2343657323031947e-06,0.007746317486989676,5.7624007110050188e-05,5.9483718695189297e-06,0.057265171239558182,0.020770818048352412,0.00065062035112807321,0.0011883986721514747,0.0001823948533346209,6.9369992148614478e-05,0.023143125765087754,4.432305695701044e-05,0.01180175048864072,3.2704413809969555e-06,1.1061603379307111e-05,0.00010499506595643403
'D',0.0064610234675538739,0.039242421773014749,0.99987390877898452,0.76362174155619955,0.85012115649787812,0.13040237251269385,0.17259026050451085,0.89144915502629241,0.37711582043191449,0.94570514709304287,0.0024207466799703982,0.021420489735019643,9.5135650530759408e-06,0.0060638240942557202,0.95171732473553106,9.4745353575383126e-05,3.2265401114705364e-07,0.028923463641896581,0.00021018662419598039,3.7689132150051896e-06,0.042157429108732283,0.00083318251264373315,0.0001663910099256798,0.0060222858465066144,0.00066132298836132453,0.016885579467988063,1.2550430948557382e-06,0.016446441933208621,0.012771866867902897,2.0711712249685889e-06,7.1083120381608558e-06,0.0083381416752713461,0.00050604026276788701,0.00068447826268040182,1.8648910751065854e-06,1.9199017874605723e-05,0.01392569387481957
'D',0.0091481850154874877,0.00053108795796182984,0.99651643437713844,0.99796736167274225,0.94160823010067285,0.14591091291869782,0.00098969953980190188,0.82037093377688919,0.9626179007900979,0.8759482073150382,0.017360822939316602,0.00035372837568511283,0.00012028660725294984,0.01517319823974228,0.9288461419993419,2.1304074579920359e-05,2.803881111731715e-08,0.013326675434350822,7.01358388770193e-06,3.6532337661495173e-06,0.030038687497141777,6.3715520454263924e-05,0.00033168693074580089,0.0018020824055458755,1.7883260105137737e-05,0.026586300646505162,2.2671184184068329e-06,0.034455357472408264,0.000479443944052316,1.0858554982711637e-07,5.2646576764861012e-06,0.0087467251218616791,0.00093486279983300848,0.0003244180353597707,3.1926771658874182e-06,1.9222957136949159e-05,0.028283295357964418
'D',0.0091481850154874877,0.00053108795796182984,0.99651643437713844,0.99796736167274225,0.94160823010067285,0.14591091291869782,0.00098969953980190188,0.82037093377688919,0.9626179007900979,0.8759482073150382,0.017360822939316602,0.00035372837568511283,0.00012028660725294984,0.01517319823974228,0.9288461419993419,2.1304074579920359e-05,2.803881111731715e-08,0.013326675434350822,7.01358388770193e-06,3.6532337661495173e-06,0.030038687497141777,6.3715520454263924e-05,0.00033168693074580089,0.0018020824055458755,1.7883260105137737e-05,0.026586300646505162,2.2671184184068329e-06,0.034455357472408264,0.000479443944052316,1.0858554982711637e-07,5.2646576764861012e-06,0.0087467251218616791,0.00093486279983300848,0.0003244180353597707,3.1926771658874182e-06,1.9222957136949159e-05,0.028283295357964418
'E',0.0042143591138312231,0.00018455563242451159,0.98909427769460023,0.036555368738008423,0.052025844046344652,0.99921377903380693,0.99330282036561957,0.89823766832677687,0.94766702837797867,0.0017278758637102208,0.0017150309311044461,0.00014919802263931015,0.00024713946306372138,0.0030198732690031602,1.8598054768969118e-05,0.94663509038521965,0.013347686586696316,1.0314170566102568e-06,9.5680824123878914e-05,0.00043409857993800398,0.023464604349235668,8.3133494361074462e-05,0.016028246953200435,8.6294253512730767e-06,3.7896059178588432e-05,0.012326351704347441,0.0068557031860522919,3.4153568446551106e-06,0.00022454366962477101,0.012430596427011014,4.2283070352800803e-05,0.0014606804019149991,0.0038330421418526642,0.0010300569605360837,2.0987138258929656e-05,5.0627724752422364e-06,0.00029027740651459713
'E',0.0041793945215881853,0.0039313615291108597,0.98872273197901983,0.013253359423521091,0.0032490654111116115,0.99995221540973744,0.99253901934843092,0.92982003121111911,0.94471041677112833,0.00017161461676996569,0.040738555155705444,0.0001351722171937279,0.00025662251443566906,0.0022503688361335114,1.253703389307153e-05,0.94826525309700194,0.017676694237760422,7.5597174709023066e-07,8.4743097844447332e-05,0.00046602274654907003,0.025254692597178066,0.00010198961937804427,0.0098371957141059341,9.5845454507233049e-06,3.491195622814104e-05,0.011256391319711545,0.010006576661232272,2.9842408640485754e-06,0.00027702099906506538,0.014393394013406677,5.9135803780732004e-05,0.0010144278748993023,0.003784826832744218,0.00098977540909411061,2.1235004254497402e-05,4.4863613643273384e-06,0.00026166355822076413
'E',0.0042061963290954147,0.00018675115765373214,0.98930241808090424,0.037982390660374545,0.04910870376459333,0.99920591793189961,0.99331659877999134,0.89432486526107202,0.94806691331290649,0.0017915331580841002,0.0016787637998637614,0.00014718071206135729,0.00025517683814058935,0.0029557623983035462,1.8443856187908521e-05,0.94685272754648975,0.013338266851154187,1.0401177067233531e-06,9.3648567834320615e-05,0.00044508321164451553,0.023370828354050428,8.303232668254278e-05,0.016416499219089536,8.7078472644174435e-06,3.8839013001060418e-05,0.012322868436799483,0.0068293757752249549,3.4059461966948022e-06,0.00022422926271941393,0.012734224147865798,4.1831391834688549e-05,0.0014445787329592419,0.0038675522775976925,0.0010378524653969173,2.1522136321745892e-05,5.1005384015218769e-06,0.00029995792176135897
'F',0.0045526723689511273,0.0055121842544229192,0.066165266055646391,0.032652872886360984,0.0098343619769448304,0.99942134412161765,0.98587658743770334,0.96281831676327356,0.48500741273765247,0.0015528887203877441,0.80058520834317404,0.00014533911508143147,0.00077170979040524915,0.0001822219634955002,9.6850535149141054e-08,0.027079103591109325,0.95381132223533061,8.4185101286275111e-06,0.022530738069027879,0.0002031819949706718,5.8881683995503006e-05,0.019686667824205872,0.00074406836712071227,3.248105761864216e-05,4.3143323496237857e-05,0.00051168963263560998,0.015449944028638384,0.00082641560291350975,0.003642085515500782,0.02189223571518548,0.0020684764925624063,0.00015823158521816266,0.0047610159441065659,0.0002209074321367741,0.005227348045916686,0.0017392700314460593,3.5744527169248239e-06
'F',0.0038574440322186269,0.052170150810860634,0.014667850877414245,0.0085908390290278698,0.00052373892392412887,0.99993303476545548,0.979717635497239,0.96975194026164491,0.60956255098911938,0.00024658087569038873,0.96317575665774358,6.1531277203776349e-05,0.0010959981587851423,0.00010553265465474525,2.4374080196275338e-08,0.0090827107546241209,0.9544002392851082,5.2894207979090989e-06,0.014896404951590942,0.00032895062456136053,2.9897935347918278e-05,0.021876214481352498,0.00030237513691473955,2.3964196719247811e-05,1.6348878897443288e-05,0.00015518431008613732,0.026343155219855641,0.00080147120214623237,0.0022373816912636588,0.013580145790515969,0.0044662695283253237,9.5539650077581766e-05,0.003073841691054892,0.00016690354023854692,0.0086418036888252312,0.0023564197393487534,2.0880373442512572e-06
'F',0.0045690763761261927,0.0054867690230793135,0.066615000712125047,0.033186813100722926,0.0097666349552043945,0.99942442063439707,0.98572822104656044,0.96252743901484106,0.48086292620880627,0.0015820510990940781,0.79922289838487881,0.00014877797964706844,0.00076828400944237065,0.00018259327839708324,9.8614443420866906e-08,0.027287443366982737,0.95410091944803854,8.5678493931318316e-06,0.022939376670390504,0.00020131763242366445,5.9089913665306244e-05,0.019740437754857051,0.00075072912378944072,3.3030006043378133e-05,4.4399050573341528e-05,0.00052088079496430341,0.015304319634147755,0.00082753791345813231,0.0037074451030737142,0.022237542373759529,0.0020516550290150828,0.00015817293427354884,0.0047688336933343232,0.00022219235473179625,0.0052041060520212666,0.0017463920826247803,3.5850927648458151e-06
'G',0.0036914587700548119,0.070843547021022094,0.91747497823512414,0.99948611484043959,0.99597519049627981,0.47610793717313776,0.0079698002109041995,0.024696129670347979,0.22105628320435203,0.47820486031833437,0.99557938142451863,0.00058597700680203789,0.034914541987784459,0.0027285994215029501,0.01397505549450279,1.5646366474830254e-07,7.3963877795819314e-07,0.97562327107291691,0.023355232245816746,9.7501078550301328e-05,1.0849573443744616e-05,2.7336251686556393e-05,0.0062804312974733129,0.029564059402185677,0.0057382268680486442,0.001315588882385267,3.9470308482683896e-05,0.004401791317708674,0.0061645065778655741,0.00070194207278170113,5.2648868661281135e-06,0.00046958627436992167,4.8484030148758627e-06,0.00015948059926574739,5.2138160142739924e-05,0.011051479248056823,0.0011180451199587589
'G',0.0021128987706190354,0.016807687523290739,0.98884789044234889,0.99956435944481237,0.99431435321220296,0.37516058263797208,0.26801792041758893,0.00018824429006789262,0.19479309239670561,0.74977177381210902,0.99832956001326834,0.0012090481661631218,0.0052865226985436648,0.00022599259051238817,0.021975243755452904,1.3962299410838513e-07,1.9914347438186288e-07,0.97066934502449731,0.0122466932354112,0.00018395043161946085,5.9510698383248318e-06,0.00013619350125562829,0.0054176588293242019,0.010608325427959895,0.017879953662506099,0.00010305275008509071,2.2169184094136529e-06,0.0033376799455831847,0.0091938467705445677,0.00050996447841422361,9.545826275937105e-07,0.00055542950373938622,3.8314484383018089e-06,6.8895592320602583e-05,3.9239466091204072e-05,0.003739705961274052,0.0042881049711960646
'G',0.0047630860713738189,0.02757635356002942,0.99990857562502533,0.95373879075938761,0.99683462174757298,0.4084220747268964,0.1226043522083467,0.013895923152028615,0.25387169125126613,0.39175799898769342,0.75775265936184155,0.0012466701552994004,0.019080905847052441,0.0045609323811444053,0.033773630752927213,1.4336009414814843e-06,6.5176707573857233e-07,0.95722106665227014,0.01874295495817651,0.00019792488193660815,4.8016993544963819e-05,2.2041879466633855e-05,0.023706084206112931,0.018835660456553247,0.0063373192992057722,0.0025489450541215856,2.4000944018510749e-05,0.0014237317182226423,0.0024477473682569706,0.00097949738419528427,3.3572541436230031e-06,0.0028074597444573994,1.4716059515114272e-05,0.00014407433679441433,2.3939490908681119e-05,0.0082687819848542548,0.0024370734377865922
'H',0.0024820594297610904,0.05980623168358825,0.68082095023836475,0.002936261456376476,0.99074302166343253,0.97665446777821785,0.98030948572586007,0.8916075787694796,0.005580442339838774,0.01979867324387535,0.99907044502484021,0.020298105925580835,1.1571422603327996e-05,0.0088647635798410201,4.7561105097028061e-06,0.00064862490532782973,0.023643143008948229,0.0073759738707183924,0.96571255697340341,2.4933406889483275e-05,6.8195329508024714e-06,0.0005467207453076125,0.00073874298664062491,4.6666137406645229e-05,0.00017453502138019318,7.9134297043824466e-05,0.0014757312560761046,2.8021199015549495e-05,0.0063071468481829583,0.012128858675252487,0.00011786890673432624,0.002943270301846268,4.2652223435955977e-06,3.8008579436938405e-05,3.3809077040213733e-06,0.0018382506411568746,6.0420360451484578e-08
'H',0.0062522650774978639,0.015590153840903972,0.99104594550106695,0.00060695376925953674,0.96270945155286236,0.98523595802747488,0.97525933589373115,0.77593295048574873,0.016593630544260482,0.01373009039718576,0.99750307397892068,0.017191444374843833,2.034295724815322e-05,0.0079165851531163931,7.3156896195293099e-06,0.001410583564564514,0.0031470926598112492,0.014797340451862914,0.93824379552157233,5.8851364879776637e-05,1.2172172676759428e-05,0.00014493438325193135,0.0012078489623170967,5.9122290253025859e-05,0.00040225680556343121,8.5957042578603868e-05,0.0023070358251975061,3.6189485292226858e-06,0.0072911186250815222,0.042237444676653177,3.9173600526995135e-05,0.0022164198655382915,1.3707279295157474e-06,3.372238583303833e-05,6.7119067722089326e-07,0.00055366256141112756,1.8168783995556429e-07
'H',0.0024820594297610904,0.05980623168358825,0.68082095023836475,0.002936261456376476,0.99074302166343253,0.97665446777821785,0.98030948572586007,0.8916075787694796,0.005580442339838774,0.01979867324387535,0.99907044502484021,0.020298105925580835,1.1571422603327996e-05,0.0088647635798410201,4.7561105097028061e-06,0.00064862490532782973,0.023643143008948229,0.0073759738707183924,0.96571255697340341,2.4933406889483275e-05,6.8195329508024714e-06,0.0005467207453076125,0.00073874298664062491,4.6666137406645229e-05,0.00017453502138019318,7.9134297043824466e-05,0.0014757312560761046,2.8021199015549495e-05,0.0063071468481829583,0.012128858675252487,0.00011786890673432624,0.002943270301846268,4.2652223435955977e-06,3.8008579436938405e-05,3.3809077040213733e-06,0.0018382506411568746,6.0420360451484578e-08
'I',0.0032608207230739308,0.71535114044000769,0.80077086875299375,0.0082311029536555336,0.029320253291836431,0.0047832268571666552,0.89611977071394811,0.065997784766778367,0.97885937991161864,0.31380000162814342,0.96137626861427339,0.0041536549315876262,0.0014241123042194402,1.000222664007535e-06,1.869005446601244e-06,0.00017500633363562915,8.0982336976979203e-05,0.00036851489027028833,2.3661895999321574e-05,0.94956546336716263,0.003340721898693247,0.0113007898375112,0.00029631656443938881,0.0019501328779006095,0.0017405301857246506,1.0804825066781598e-07,0.00013758155618122606,1.1105337307230686e-06,5.3760430392511771e-05,0.0099750645856012381,0.0072141035908703547,0.0059508269087051461,0.00020472673572065266,0.00093922955134752349,0.0033467387422240137,0.007786176544838398,0.017094050516739678
'I',0.0058151499511423172,0.39122866708609044,0.99561198920663785,0.0017302692164484373,0.0067627636173957211,0.008421189888787272,0.86589432944032452,0.027943991018653296,0.99290966234122957,0.2546482348290397,0.90332500207685806,0.0013040855480638072,0.0035800922839712979,2.860807995991705e-06,4.8606797436791364e-06,0.00085704535041337883,4.0170390573854647e-05,0.00080890035274046963,3.162521183836904e-05,0.95227295893699904,0.0072708571745930166,0.0065607487144629427,0.00071050797359359689,0.0011858152205543443,0.0011451304327003021,4.0999088750768102e-07,0.00063740254816712142,6.3407139686264598e-07,0.00010596506357509252,0.035319457171667637,0.0022166942928289546,0.011362500541473699,0.00022233543129442532,0.00031652396933043306,0.00051606879807726276,0.0020068889164065956,0.045120881539608533
'I',0.0035841542176869513,0.69676065024775469,0.79563829276322562,0.0082444066622363102,0.032890133026773336,0.0050686142697168859,0.88966468862882875,0.069471243038205011,0.97653303872193764,0.31075973208849722,0.96180858863694185,0.0039012649543062631,0.0014790684005413003,1.1093553175750224e-06,1.9650283826537634e-06,0.00017641003592872977,8.5613828657680067e-05,0.00039038986971520919,2.5922204921062155e-05,0.94642410304671831,0.0033327628915702278,0.011664556036651182,0.00029883062349798543,0.0019004798805444057,0.0016134322175491707,1.1744388552834322e-07,0.00015146373883453748,1.2300229607995217e-06,5.7192105015316373e-05,0.010055802447188818,0.0071836012811550718,0.0062421115452344494,0.00021129555696419134,0.00088450641602731814,0.0032188299326233708,0.0077218346731268176,0.016738486263888016
'J',0.0382050177507373,0.49555349538613669,0.44945053135019902,0.017830656480856487,0.034146617793226426,0.011374129518709924,0.10985460793523316,0.94563089418625046,0.95313400967557282,0.3548285090158585,0.058141628457443424,0.0067100113148288688,0.00015476881442122255,0.0046556473604903274,0.010271618382417386,0.0070977481563420687,0.0013581962720172914,1.3755342307860832e-05,7.8775501415079691e-06,0.0054965543105949515,0.85168523635293014,0.018898995550802287,1.5356816441495858e-05,0.0083886347053533251,1.9209035831769865e-05,0.0043661111672595437,0.0042467584867116942,0.0019612005016816933,0.001012300047600959,3.3420869182989704e-05,0.1160736217031004,0.020343123507551828,0.026729369973581968,0.028144564111596809,0.00075992711210883673,0.00025051597124128313,0.0094566363858491955
'J',0.0097379875484973118,0.1943402818582573,0.97616462136617876,0.0036940786453897798,0.0090005845819428644,0.018397087831231035,0.090347813494614543,0.88142677085250554,0.9833981749576951,0.26994445382024895,0.022582968702255311,0.0024023529626108209,0.00039989065548602757,0.01049730792972187,0.0307016860234165,0.058978964857203706,7.817412348113443e-05,3.7899309488930757e-05,5.4945241164588635e-06,0.0095444233774430905,0.96070846993131132,0.0022807653091558976,2.8710478665459548e-05,0.0071791444160703597,1.9755350873457289e-05,0.016443101568970702,0.028064860821941713,9.0290824727933588e-05,0.0016641622921744292,0.00024844861763238698,0.019407060401432353,0.024387891813838797,0.0080441665777963682,0.0071649619395232371,1.455351179510306e-05,1.9079078833744178e-05,0.036888744120576258
'J',0.030408153837033058,0.48590318676014116,0.49646418667744463,0.018822270318497883,0.032431415918798334,0.012583455815201714,0.1004684933160061,0.94443051549136248,0.94590048893972012,0.38218446815566964,0.059129046662798702,0.0067998842657071377,0.00014429129765074011,0.0044819139472828092,0.012922603948845928,0.0071917290759851088,0.00091887572343506997,1.5258392922739516e-05,6.9722254486457279e-06,0.0052220966125252344,0.8631022513533182,0.017221899326388044,1.3658203663422988e-05,0.0087743305783145927,2.2139494582676069e-05,0.0043407735288106646,0.0041864231695835918,0.0017089596553372306,0.001256100131169629,3.5308620141436136e-05,0.096131996044131737,0.017373843325353282,0.021050701907092993,0.02872087588946232,0.00056616035431931977,0.00017754891795827976,0.011311435206357327
'K',0.0023278062081370436,0.011031834936555379,0.038726163145940143,0.0040912237142166916,0.00026968340516270601,0.0095309542293912537,0.98313111351306548,0.92370135411348098,0.83288086789857241,0.99588061002913042,0.9944478588671205,0.00063053153963884688,1.0657178944211399e-05,4.3541082095380856e-07,1.4977736396355519e-05,4.9224561422515812e-05,0.013037916182886852,1.5971571027331407e-05,9.2977488511229096e-05,0.014708240812876852,0.00067404133939498283,0.96443537684669156,1.5339017029716667e-06,5.6463802041230154e-05,3.0379003666100442e-05,1.0240060248299319e-07,3.3234924884896379e-05,0.020033605580336723,0.011402667370877624,5.2876393831513408e-05,0.00538623829142132,0.0015587482057741037,0.0049148273986027126,6.7053211562737567e-05,0.0089101504204080854,0.00028656385567582928,0.0030548726223441113
'K',0.0027522312454148043,0.00028136473490327369,0.051009571680752278,0.052456786092598531,0.00061585468400726954,0.0073997144793650224,0.94834856297806813,0.99482302427798819,0.67760023533477887,0.99968885744253744,0.9988195499708904,0.0011602244057141366,8.6485806209977405e-06,4.1926520510869936e-07,2.5432363916899118e-05,4.0916847387173871e-05,0.016607052727138971,2.644850250442514e-05,0.00017730564178676124,0.0057829495611024864,0.00068312130009018856,0.9664898650333702,9.5685118853681355e-07,0.00012513170721306532,5.3967473370765444e-05,2.4262367868882401e-07,2.9390256469994952e-05,0.025173322795273831,0.024423328354359019,5.8141251379390426e-05,0.0051661387866587744,0.00096891513567053545,0.0050134156571026225,5.6329608403524252e-05,0.005523765742586023,0.00030729958180614718,0.0021513727505285151
'K',0.0029260966580265976,0.0013600342841690867,0.012826702350209241,0.00019764261674629945,0.0025122039599571053,0.065238466306608039,0.99615308770949096,0.98470962420335406,0.85183464309083989,0.97759552453664667,0.9973185223321589,0.00046386971677846617,9.5702975010278663e-06,5.2542811032751078e-07,1.0196416660969467e-05,6.0291587725758993e-05,0.020610076607569083,9.6648263556974141e-06,0.00010007223902619379,0.0086354839083825213,0.00054988741444897599,0.95915629567094518,1.3444082754052735e-06,3.9853365303805698e-05,1.9123011594660378e-05,1.2953744516839884e-07,4.2982674345841316e-05,0.022509253944201547,0.010648058587384747,4.3209581252688409e-05,0.0055716775550613083,0.0011909530727657745,0.0052516699173306399,6.1370643580657968e-05,0.0086495403623507543,0.00024223111224853941,0.0017429347942162382
'L',0.0024141666501802301,0.0088982376156368954,0.99092640178677871,0.85400750638547396,0.81575681078360673,0.8894647260590538,0.97196495553909668,0.057099071735559712,0.95245136607143266,0.12836157182000965,0.00016894994545417388,8.164684212579653e-05,0.0047456320301257566,0.0030455356907897664,0.00074410201336648474,0.020642367155007266,1.3543803371438251e-05,0.0053040379926074096,0.00028848399409516791,0.00041867911511963619,7.0571842004077111e-05,1.8187570975349074e-06,0.96128989903942197,1.2835381705066284e-05,0.00072004094432444776,0.0036820117153095171,2.1082787911120413e-06,3.8129487886559881e-05,4.5647776413039108e-06,0.0012314452667677158,7.1804931438023158e-08,0.020000525901615409,0.0010278475558206516,0.00017612186091253714,0.00010444574259847316,0.00064126247362370522,0.0034219618282984288
'L',0.0025984647901668039,0.009079166966187005,0.99025824060839795,0.85360844286075566,0.82949442109488403,0.88006788279091619,0.97061410790465652,0.062755485077246681,0.95197516466910315,0.12726555242653692,0.00016386832416653542,8.7168505624868461e-05,0.004379141759248961,0.0032291335098920842,0.00080163241683022782,0.01924906495825621,1.272780003768412e-05,0.0055586703688439796,0.00030896057172981588,0.00040881637297377458,7.212907917401603e-05,1.8338023832789915e-06,0.95942248194260815,1.2919166234790547e-05,0.00067427049161847079,0.0035998001970230448,2.0278268898470972e-06,3.8562201699658048e-05,4.3932376764360682e-06,0.0011140573833582649,7.4386980414595122e-08,0.022211217811766441,0.0010165497050294283,0.00016723264597976256,9.6672110109616017e-05,0.00066692354137171442,0.0032361201663168374
'L',0.0024416234061617271,0.0090391213097089102,0.99051906018075608,0.85577515135813198,0.82277707037305714,0.88883251427662846,0.97087706219457692,0.060254046710376971,0.95191146746719812,0.12879144252723412,0.00016413062863657361,8.2879662942377796e-05,0.0045955517498432342,0.0031467655760368785,0.00076764396277959719,0.019911033378363925,1.3178854425354751e-05,0.0054125876269939689,0.00029744324940262924,0.00040075616314466075,6.9666635785696056e-05,1.7913311470102664e-06,0.96077198037794365,1.2768744946996095e-05,0.00070025421703327122,0.0036989893308011792,2.0592412942629561e-06,3.8849917027738969e-05,4.5105218318276981e-06,0.0011695864655782507,7.1411912287081942e-08,0.020427722175631272,0.0010125712001008346,0.00017301869126017122,0.00010121708449325621,0.00064621463840676744,0.003294181030324883
'M',0.0031684154389723814,0.99423315908047472,0.99801618720341811,0.9999872180114453,0.026722205109922879,0.092309269722481865,0.029110442129273814,0.9211765729808773,0.063288106683511217,0.16613568259034997,0.99812371065889904,0.019930451393186683,0.009650458034470448,2.1224213655655526e-06,0.00026301522651348333,1.5526914962532595e-06,3.2102285187751187e-05,0.0075766993136617633,2.8957336228239346e-05,0.00012663643697078696,0.0078071200106809386,6.2817056602260793e-05,6.751924201521945e-07,0.97184647730622198,0.0099395311249090221,0.029089764901290359,0.00013714937841303914,1.7321557289545232e-05,0.0015020986608037042,0.00014684772299205568,0.017586630350884022,1.9261832341208134e-06,0.00054592771457382012,0.00037226293157448134,5.3571838869749163e-05,0.022578845576330997,0.00039093939694263445
'M',0.0047863434715721201,0.92753612564337906,0.99999153223623571,0.99998282918953307,0.03443809710986255,0.037874417167135167,0.038136227945070995,0.75222750850359754,0.11380510283985984,0.39661691875085064,0.84244530437434129,0.02256294715186501,0.0063254505784409287,1.893451764991172e-06,0.0018113699879288556,1.9625422320288857e-06,8.7785694437011886e-06,0.013314902943295005,1.1022443414767767e-05,0.00026526521042067447,0.011067589058576273,0.00016137091926742713,2.3195908936527394e-06,0.94625294006420546,0.027674457049559328,0.012510485299404447,2.7274965237326428e-05,5.8044713150425752e-05,0.0027177648413464375,0.00013061626938765458,0.0041883825353443106,4.2181197149643255e-06,0.0005928144134102792,0.00093520689171799432,0.00011715391860039845,0.0089773094813400157,0.0040216428871508551
'M',0.0028574856648208736,0.99409371770693844,0.9508272966349921,0.99737639266985578,0.0054254412833545989,0.00063457192141563824,0.032788328450385811,0.9869681462959341,0.04193588274901177,0.5132868436768776,0.99961386323053292,0.032715433594418836,0.0018238721715899539,5.6099189417006932e-07,0.0011467198081248709,4.9641968859856841e-07,1.1589074752655867e-05,0.0059843664600682462,1.0194564740676226e-05,7.9525257579441156e-05,0.0082946752041825004,0.00044077695482475885,1.4591444148762594e-07,0.96618273478331618,0.017098557028717605,0.0064662035002386225,2.1845190704204634e-05,9.5758020770728033e-05,0.00646273149002345,3.6444176007039454e-05,0.010807995714183824,1.0386050095979876e-06,0.00041591136184682804,0.00057328556508195734,8.2640466983875094e-05,0.0062544837010494242,0.0013160244663420933
'N',0.0035342596490213264,0.99925086602468061,0.92691233608635415,0.99801187654544821,0.036653194358127889,0.87969286085790899,0.9783681425912607,0.032543791424576689,0.010668189055061131,0.99975308766832383,0.99919697286297249,0.0071702910638004854,0.0017685517003732307,6.7030204854658291e-09,7.442633118648384e-06,5.8521120324937252e-06,2.7719065915352915e-05,0.011057117516854297,2.4043518668923132e-05,0.00080701157930698644,7.3993736445580422e-07,0.00031319005634860225,0.0041568216390550717,0.020054679140472747,0.9574800917936791,4.8864611635775405e-06,1.9901090446945084e-08,4.0314213215972676e-05,0.0073883131670360591,0.016329412905276258,5.5761234976990506e-07,7.1521380519520933e-08,9.7664315009657189e-06,0.0056820026666465342,0.026168389615291641,0.0015274954334554916,0.0094156566769814896
'N',0.0031493149975644901,0.99703993840118654,0.99849665895192163,0.99035208004568454,0.0082302477871138389,0.93063883649257517,0.97008129638147711,0.013857481558398216,0.033917473054400696,0.99965596576975857,0.99784060751770243,0.0052461806262397888,0.0022787760197059389,7.067005670721162e-09,6.417930387807935e-06,8.4931915143629585e-06,2.062458470110879e-05,0.0095821301085964369,1.721613605643515e-05,0.00083708425066275703,7.8318088261254678e-07,0.00019319556161678095,0.0047561742263358079,0.018057408210987613,0.96190590934716769,5.6331458144134163e-06,2.8344195756303077e-08,2.5532760058888222e-05,0.0080762607605516668,0.023578573057345953,4.1428992234892757e-07,4.637737671803513e-08,6.8890567607890625e-06,0.0069086623851227829,0.020822122428213605,0.00091155348169765882,0.010995253368042661
'N',0.0035342596490213264,0.99925086602468061,0.92691233608635415,0.99801187654544821,0.036653194358127889,0.87969286085790899,0.9783681425912607,0.032543791424576689,0.010668189055061131,0.99975308766832383,0.99919697286297249,0.0071702910638004854,0.0017685517003732307,6.7030204854658291e-09,7.442633118648384e-06,5.8521120324937252e-06,2.7719065915352915e-05,0.011057117516854297,2.4043518668923132e-05,0.00080701157930698644,7.3993736445580422e-07,0.00031319005634860225,0.0041568216390550717,0.020054679140472747,0.9574800917936791,4.8864611635775405e-06,1.9901090446945084e-08,4.0314213215972676e-05,0.0073883131670360591,0.016329412905276258,5.5761234976990506e-07,7.1521380519520933e-08,9.7664315009657189e-06,0.0056820026666465342,0.026168389615291641,0.0015274954334554916,0.0094156566769814896
'O',0.28137225598888499,0.0073545502186676158,0.6076536432865921,0.98505920134697267,0.98348528889725417,0.62369900482271512,0.0036317534472870014,0.93467476704373553,0.94605912443753637,0.053279590885705705,0.12124226467789266,4.2450061089340592e-05,0.0038895524747245601,0.37272310909222706,0.040831735071745548,0.00015176960868824209,3.3558541339165456e-05,0.0039375971528690596,0.00043553324941692244,5.8103264964413921e-07,0.0026871286458911886,2.8886005134504862e-06,0.0048156405457629248,0.00087865352087730328,1.0454851700306636e-06,0.62549489832428851,0.00034913777059651912,0.019695388852108878,3.4836905568128429e-05,9.4781595527638994e-07,5.7476284403461993e-05,0.0075626163992767864,0.0044673518272081904,0.00016368709222177159,1.5359769189555118e-05,0.0010907165176915099,6.5436108964186037e-05
'O',0.0022558574279035984,0.14336605353257992,0.99018513807384601,0.98116207729480454,0.22514804873341712,0.91043676412927543,0.029463055904290329,0.98833382094325384,0.40286511592213053,0.085432772112620792,0.0066752223481610466,0.00015370778703190018,0.016008243319055326,0.017174096831837352,0.014047873556701162,0.017846381741110452,0.00038737109271840702,0.00067781056564346928,5.5663541072803741e-05,3.6985177848267334e-07,0.017644601974523926,1.9605578898439582e-06,0.0029122442329709629,0.024283543086836421,0.00042301339992541464,0.984738781712856,0.0016065541704723483,0.00086320059699897429,0.0024926092164613495,0.00031462449673080948,2.3312155013848389e-05,1.7859027977326381e-05,0.0056256618211417498,0.0019882164785655341,1.5058351874669275e-05,6.2262763295478006e-05,0.00058315569004196012
'O',0.0061571446649506378,0.0029729865837194694,0.99850233638266117,0.93638227622550418,0.24312989852671529,0.86909297695061993,0.0015338138007376502,0.965898109634591,0.92982774688249248,0.094915123804255833,0.034116190804824219,6.885535408323925e-06,0.036923017730934524,0.031153560115058185,0.007095477508900226,0.016602492911334046,8.8687512534880612e-05,0.00013913609183878499,4.7399522466131207e-06,1.2489784482643211e-06,0.027250621734047048,1.2520613706918174e-06,0.0025600615649127032,0.0027632917504306805,1.3387104509066104e-05,0.94854015998450103,0.0056387975790324271,0.0010296612037492972,0.00035135609208389811,5.556286628382007e-05,2.9168286194139255e-05,4.6759496226203388e-05,0.0075233235769014964,0.00095619718836149382,1.5289075126527218e-05,2.0586992348982436e-05,0.0013684554185250546
'P',0.0044968323649837673,0.0013867625364638696,0.98987909597542756,0.050414293524902253,0.00021619069488880801,0.97128012400169128,0.017821939451970848,0.99813665800535034,0.8283175598272432,0.016117668024550995,0.99957137545506969,7.4366015138422023e-06,0.024916555729170783,0.013847589207025475,4.6992371559798139e-06,0.0037497406729958124,0.0040343918597085362,6.8824575456905533e-05,0.00040557163616197002,0.0001121141564674485,0.0060734656359927031,5.6456498721347297e-05,6.4639949742206936e-06,0.0012173893235857716,3.7192944599615637e-06,0.020102872661612224,0.94967243331482709,5.2038560696698163e-05,0.022616987164164437,0.010225760198503712,0.0078081727196024145,6.4304734290348916e-06,2.9773185737203454e-05,0.0011380463822544447,1.1514096776482966e-05,1.2008770715910509e-05,2.2762861983020555e-05
'P',0.0052138336535374318,9.5948728579151718e-05,0.99995344659786789,0.037466866940375043,0.00027731790296566672,0.92497178446967487,0.021810915183553388,0.99313545756093347,0.9031930934567064,0.048846320169464198,0.95926570076987627,6.8166454248900255e-06,0.020401891036970578,0.013517408833964822,6.6588076825753905e-06,0.0041716380423437588,0.0025068712001989888,5.1428559496786076e-05,0.00022227240949203525,0.00015898207225657735,0.0094124048994763052,6.5499593267090921e-05,6.2141200067378414e-06,0.00096585885553451291,2.755561705183814e-06,0.015108494899684979,0.93772926081716756,5.3123664822625485e-05,0.01692598129888321,0.0067072228310545556,0.0079205911062825794,9.6538798306882252e-06,3.6066257211336543e-05,0.001205129657064622,1.1373730609880442e-05,9.2188678695849035e-06,3.7365644334825999e-05
'P',0.0045987980261949649,0.0022315427789062143,0.82111074433403519,0.028262265013967929,3.1242590434487791e-05,0.99871463338017674,0.044062974336219959,0.99770585096939335,0.85072662872430826,0.00087522973665796547,0.9997655021530264,6.0581715874127755e-06,0.025907057317431963,0.015719961240144926,2.6093278939784912e-06,0.0034460875798654608,0.014431037627824342,4.7870379582154006e-05,0.00058594330344167176,0.00010989166459282363,0.0036715321728506322,0.0001088574034612785,8.9596785976204162e-06,0.00075700488654433407,2.5891140946301862e-06,0.015796380491953838,0.94876759929394539,0.00013558666726255501,0.019042128384837636,0.0086656343520867714,0.011494697190915453,8.4014577732715918e-06,5.2147330237520727e-05,0.0013491661581589694,3.6530298630173579e-05,2.3172037120255503e-05,1.5096141151895244e-05
'Q',0.0027612247111962179,0.028792200177497285,0.10850374127321052,0.99074191266611122,0.90818787211651131,0.97903259046752333,0.021322717866510792,0.67379669122541119,0.74051638969638989,0.99939262622275604,0.49118645687651674,1.5349570112512868e-05,0.0011473043209630782,0.01782916767813603,0.024925789228120193,1.2141323815118262e-06,0.0001033036943893809,0.013566781614397125,0.00045838107189576837,1.1819407553086936e-07,6.3931620126892154e-06,0.00040801185238861629,0.0024477077846913032,0.00011155870719290418,4.3153707467943032e-05,0.0061849783716496866,7.5467914014945952e-06,0.96226534372119332,0.0099421173720398558,8.878367411687139e-07,2.9710997226747251e-06,4.6937747764103317e-05,0.00018771239511550223,0.003794242961879316,0.0073978184053540607,0.0002116472524097339,0.0002707352509728815
'Q',0.0054187152684589367,0.00017120283595794254,0.002944432864583011,0.99999513705190735,0.87252766886844257,0.00041851339498187774,0.011481551429367574,0.98030951407681954,0.99723440906476057,0.99936047563730002,0.88580343735709721,3.2272358911634637e-05,0.0003165112659826825,0.00031301661875629989,0.031104601432774978,1.0498941900410664e-08,9.525022081716275e-06,0.010574953837505511,6.1173895278363169e-05,4.3384819356115648e-06,0.00011878639408963354,0.026381006755317776,2.8316334097773108e-06,0.0013985498233884913,7.870707209016395e-07,0.00014040704323548808,4.1216909661480566e-06,0.93982812740637445,0.001036378198802127,8.9385849465157059e-09,0.00060449324091678002,0.0013221487335051349,0.0024872530002389218,2.9282784928269116e-05,0.0013749698049347378,0.0029377148488466268,0.00083018817204690107
'Q',0.0029307886358317056,0.074443108373258612,0.025337461767369052,0.97073092786545001,0.41460093460971253,0.99791280727810805,0.0037999224133830238,0.98395865864132004,0.84227483722782737,0.99472869725622726,0.6043904784890215,2.6530764418170578e-06,0.002798392773707315,0.0011980644137709472,0.001885773329119946,3.6704624576231091e-06,0.00134064827998143,0.00029848361949889066,2.0352220556125668e-05,8.8849337491203375e-08,2.2080599475449355e-05,0.001362563060504891,9.7339884207928729e-05,0.00025521699169336258,1.5402701493330573e-05,0.01519234828578667,6.2504126844769168e-05,0.95738279188407194,0.019628800221528665,8.6752714378861536e-07,2.7511093625754208e-05,1.6952944644020058e-06,0.0012186145428426443,0.0035605021437254821,0.021622783148863452,6.8641246778748134e-05,0.00032765315882416494
'R',0.0020833470508476752,0.022116682797449192,0.98420897671372343,0.12773552118531514,1.5094312977923558e-05,0.99925974452083643,0.080400585355080517,0.9919137810184554,0.06571000436316457,0.99722806199081504,0.99997749012542758,0.00052563919864333372,0.00023730032153638505,0.00038358596897962829,0.00060750346928990296,0.00026253545456786126,0.00074936887888731073,0.0012491470588679111,0.0013676087947375075,5.0970858596599635e-06,0.00074939308093248749,0.0059950944931941403,1.020326587750515e-06,0.0037679963424170101,0.0036698459955886954,0.001488147869644381,0.0305761664579507,0.0039643529750343787,0.97161966317942317,0.01160521943218276,0.00013359798310982272,1.886794893876641e-07,1.8834073299602635e-06,0.011009606679448201,2.7519312859488179e-05,5.6016315392636215e-07,0.00028527793884481646
'R',0.0027267514587638055,0.0015882782473313835,0.99992369844024098,0.097855039502642918,1.9529250920011977e-05,0.9979971494793255,0.10027083961969001,0.97029340715390922,0.12261321301808444,0.99910143970211174,0.99774116515618372,0.00041049729333704347,0.00023875936859619605,0.00040398100267044723,0.00052970960054068918,0.0003234618000033035,0.00063373533669612049,0.0010428660697183404,0.0011350809640333606,7.3915988936526268e-06,0.00080245999776247599,0.0060335892458617223,1.1816757326216833e-06,0.0025560906149185718,0.0028490621114121875,0.0010581324788762596,0.035048275490025871,0.0032797943099458419,0.96581789244122451,0.012261416090195111,0.00012491913201017777,2.4001405637032581e-07,1.7616354464315422e-06,0.010599676692509967,2.642206152629731e-05,4.543757367160616e-07,0.00033824558993231311
'R',0.0032416849963991272,0.035057292503843436,0.75750143571656492,0.068442533497905855,2.1530988950254047e-06,0.99996638194775955,0.16895731266193167,0.9901397942877016,0.081491638409757094,0.95313288738322255,0.99998845173568318,0.00058984039189672883,0.00018907522308941139,0.00035624971424072808,0.00022587444764558167,0.0002828526340456491,0.0048958521257691876,0.00070646974211274489,0.0027828562812479691,7.506406605539161e-06,0.00042233785901026137,0.01822354698178414,1.6139648958222326e-06,0.0019393171216668499,0.0024773161073317019,0.00075452001886917538,0.025218283077490921,0.0094311115531830279,0.95650483780266815,0.010930073666868939,0.00026812500917805287,4.0502609363242977e-07,4.5329941563273935e-06,0.011391844468849794,0.00011914053916699884,1.7170096489892173e-06,0.00015381696116720004
'S',0.0091161165690606533,0.016403163934247584,0.99504543584212268,0.0066634009285506772,0.036903941618657496,0.98728571094720241,0.94153317285797056,0.14971842319342121,0.19431936999553084,0.036340489755398657,0.99290845375355719,0.00072379259554145123,0.01067626228758126,7.1949110831627633e-05,3.7858733198272689e-07,0.02636530154140557,0.021889935960316222,0.0045965885513705364,0.046823486771081918,0.026419250442334948,4.4878076817621755e-05,0.00061382930836590289,0.019194504367304795,0.00031639682290202407,0.024423706182704733,7.1369895514581991e-05,0.017786318128587459,1.4605272733554908e-06,0.019522318507546745,0.94297121029502318,4.2849926017767738e-05,9.4264863650914853e-05,1.6241086519433161e-05,0.00049089018255365645,0.00018644754162157472,0.00049648365569136734,0.0002040945524562158
'S',0.0092275284829276827,0.0076491015647753785,0.99913223004809026,0.036816853408504213,0.0098506634870673699,0.9474042817313949,0.93761463644003451,0.096037859525273536,0.22799162548950178,0.12136229087984751,0.98896444606207623,0.00059124920535720831,0.011909794138900018,4.1304941142364362e-05,5.4867944873979648e-07,0.019181531923231455,0.012215842321605724,0.0053432496495709209,0.02375452963954483,0.037358553537271078,4.4894025407754155e-05,0.00085650111867495882,0.020306861146664211,0.0003183737127788958,0.032775019076385047,4.5440286733128775e-05,0.01012640081539071,2.0631426107849175e-06,0.021776088228838014,0.93280813542261309,3.0315991073999666e-05,8.5172588898337447e-05,1.7211988207652923e-05,0.00054287788448440064,0.00026838001670271731,0.00040359797053825507,0.0005002080036041591
'S',0.0095127312272567221,0.016010172927006679,0.99483700412712528,0.0060289144125617077,0.040728946166579898,0.98742680614889788,0.93795782363436464,0.16640895534176928,0.19526142329174159,0.033480217958660845,0.99327510218781512,0.00072406315955531714,0.010071161987560426,7.5902505960412882e-05,3.8313545635189005e-07,0.026211429257622387,0.022226053618169813,0.00432860258871427,0.047535923959487143,0.023846031405598805,4.657041650994069e-05,0.00060261755441958311,0.017246972185929847,0.00031684931670747602,0.022043271036778649,7.5892619292123209e-05,0.0186629626563381,1.4749165034346013e-06,0.01945187854526962,0.9377773803595052,4.5347118475428908e-05,9.328589768057679e-05,1.6374365640149786e-05,0.00047342545589725064,0.00017183112792411247,0.00048165771922443654,0.00018488789303264014
'T',1.5017120633694194,0.49480936889760702,0.44235930492682612,0.0178239967123799,0.034766444422183192,0.01182384361173909,0.11001623783168565,0.94499881519885209,0.95396988568376018,0.35357426328710545,0.058465801437662154,0.0066279207279217704,0.00015654845547822773,0.0047046891679325921,0.010084144381298664,0.007013549971599648,0.0014255987027996565,1.3728456797349873e-05,8.0324740340127963e-06,0.0054922127813399196,0.84885464396018218,0.019344825323810575,1.5621614859240828e-05,0.0082742699692477106,1.8873981406788671e-05,0.0043499507734946676,0.0042538837781811792,0.002050187984025423,0.0010027543030845891,3.3144806366809113e-05,0.11775023342791345,0.020676716372742199,0.027399737046287315,0.028165964065762807,0.0007956218906221478,0.00025954763740314665,0.0093184444110312528
'T',0.041209908787981905,0.91803470810437682,0.31543356249175436,0.0073104180337169641,0.049870303054133217,0.0057381776141353447,0.19090708973854256,0.91136353493917777,0.97844027744773221,0.10653501770213147,0.90014934449238804,0.0038269333356064235,0.0007720059457673559,0.00013498673981265428,9.1009472313684978e-06,2.912016441135032e-05,0.0038479688555486907,2.0192226948332054e-05,3.1658189024426199e-05,0.041287782142390532,0.079604877676151778,0.01192866934088164,5.1512578304491899e-07,0.033811217894137983,7.6250932536330454e-06,4.8698761728035032e-05,0.016275044504502619,0.00014621994552386914,0.00014783808368386609,4.2854026301542358e-05,0.82305890509454926,0.0014129871214698987,0.0018962352080265923,0.0046213385729751161,0.0032674310659893662,0.015556681776148192,0.0001404653815464091
'T',0.065527254367340887,0.77262351178898503,0.16479180294738438,0.0049725026472130802,0.0070293729812754167,0.04904001415535196,0.071605633077240646,0.96536941299998558,0.96708788367247411,0.10743717895622398,0.7011875263061631,0.0024228134679231891,0.0010746148642541619,0.00072809781670310134,3.7317114120149876e-05,0.0001006419678037695,0.016080543065487372,1.5253084894977993e-05,3.5677549295475036e-05,0.014279590413261978,0.18068589585772199,0.021279987611288933,1.0685377163709549e-06,0.02735310333602262,4.8037711129245152e-06,0.00038034071910368546,0.03517011384282253,0.0012166341465134135,0.00033872318235987078,3.7345595350904883e-05,0.82779214985468419,0.0023769372913964356,0.0077664096162327325,0.0097555816564194649,0.0064482376457145199,0.010572645629570592,0.00022854094330605366
'U',0.0036476168599624127,0.11209145098081914,0.29054958003869702,0.047080225156981521,0.99582430271140332,0.036350653553787367,0.97398877547013418,0.72442748749003472,0.97033523339964611,0.00074627685151170949,0.0046443279782000914,0.025588250582973121,5.1366154096435227e-06,0.031875585509201262,0.0023076459919703193,0.0086955057641085777,0.0015270855847381221,0.00026312557660278539,0.01641849137687992,0.0070590358772502438,0.019608671060291568,0.007657326781139737,0.015504703444565913,1.6192845619791919e-05,2.4505806902848965e-06,7.8113468834803082e-05,2.1077936263357382e-05,0.00035148945005785239,4.1041597474327892e-06,1.638143051529638e-05,0.0014001889228812462,0.98524848482144223,0.022559585656972539,8.5145748778772641e-05,7.2936283736675913e-05,0.012723316558852848,0.00010533930573475387
'U',0.0057947788849753218,0.31292295246870477,0.094793738604662267,0.013494672942977759,0.97749945935502847,0.14473739469024374,0.95857935999922517,0.80381116276254982,0.98012232248864883,0.00017086578620489705,0.149627484185959,0.024282688223133054,4.4366660997130325e-06,0.021201129733732459,0.00036002341737549284,0.0025245795980906975,0.007180393541431994,9.7322152225400539e-05,0.019562051692019324,0.0041135079218459413,0.0060487610474856722,0.010284196460016966,0.0052179258003547209,1.6618259677497386e-05,1.6397396897982504e-06,3.5443050873289088e-05,2.6948205566320683e-05,0.00071615260389014,3.6914931466608874e-06,8.8068733192475579e-06,0.0051696632470205131,0.94544146970629972,0.01535085673845293,0.00018494527004238269,0.00036567696776250024,0.029811182912877456,1.9412595966729352e-05
'U',0.0076878899600239864,0.009566254341129142,0.9906937880397596,0.28800913781530202,0.98364094897814569,0.0056686957970956461,0.88954645428994217,0.45998321782024104,0.97422901241391369,0.10924664225421479,0.00060720265770715278,0.011577579491623602,2.7051896637384185e-05,0.011489248254015667,0.021316502448307548,0.0095866930870062549,3.5839438255731958e-06,0.0033719113089450714,0.0016045243631316443,0.014325762310965807,0.03763940363069123,0.00025737916205196735,0.041985603907380036,5.9407403758316557e-05,2.3768559165873384e-05,0.00017255597628914181,9.9969074163392686e-06,1.1824759984215786e-05,5.3220213137670906e-06,6.8897573898984976e-05,4.05394546566524e-05,0.94115603212077958,0.0023673018220616996,3.9825740779836478e-05,2.1470519870879755e-06,0.0010347075757481544,0.002732221529887259
'V',0.0028133119663832518,0.0043722575711690687,0.065898821308231659,0.98182351501370901,0.047268139011429525,0.0008209750897635598,0.99188615373149691,0.99168602386400584,0.98900403415840776,0.17805760774580209,0.017213565647087779,0.00011422757417978871,0.0010453774606459004,3.7695215793766329e-06,0.00030633008137816495,0.0061531034082187514,0.016470092218985502,7.5674848267618254e-06,2.7372010132434068e-06,0.00029745390255149322,0.0085854011655243402,0.014868655009732668,0.0037104822838737029,0.00055979221607607222,1.3037681666060138e-05,0.012665069068899628,1.0426485636399459e-06,0.0073521612011075562,3.9553004176664008e-06,3.4949051777309604e-06,0.0002754631451027679,0.01964736050796179,0.96455423365167958,6.7007255655919138e-06,0.0051482807937470992,0.013693052416529716,0.011093784250092316
'V',0.0037515402263781396,0.0063649870684959779,0.15168898032262801,0.92437156509319018,0.0071644576956980512,0.0039148028023620737,0.99333438655147044,0.99803803931983559,0.98931806843465042,0.021051984176114705,0.078039913415746523,0.0001059570688576912,0.0018723998025140455,4.6236818838699637e-06,0.00011549155014521287,0.010912709562832317,0.022409234279086889,6.7596106301992368e-06,3.9968975140806823e-06,0.000560752255266512,0.012424038728018014,0.0078824469721116477,0.003102121777126298,0.00077557996654122573,9.6546921158953244e-06,0.017204646634297167,4.2083057432680802e-06,0.0017065563724194236,2.792906374966025e-06,8.9323404665306094e-06,0.00055645881999969826,0.020790801288390056,0.9573741187529633,4.563813263612397e-06,0.0024867615583231257,0.017460208010694804,0.0063428516702732406
'V',0.0026325496305047305,0.0022533974367771321,0.078354688338770587,0.99669306716061001,0.012708988395479013,0.0042457236476034542,0.98459544128441279,0.98367593544556342,0.9897971589176171,0.12489401775544393,0.031192120053943544,9.2927700045082639e-05,0.0016729651794840233,3.4428276736158245e-06,0.00021888990349171723,0.007155304201221813,0.019925565580977186,7.4235425178061341e-06,2.5223478520570865e-06,0.00034375815242300835,0.0090510241935989263,0.011666095753707249,0.0040246026370887476,0.00070426264063652223,1.2973614130665302e-05,0.017329216545234234,1.5013274199831761e-06,0.0054320152341996858,3.3799430087638727e-06,4.7354141894609309e-06,0.00032074929526400357,0.016956437058514337,0.96992248807888026,5.8583376207011857e-06,0.0051461407255004111,0.016652344871067024,0.010989301789438214
'W',0.0027648537967479929,0.97682015879691553,0.71482746952396792,0.055481710364369052,0.24615435166543312,0.99722499264814868,0.11849363262037456,0.35993426781976667,0.94445667185729298,0.99843629550264956,0.067587079819303703,0.0029783764245346319,0.00011631204631975229,0.008073234788981476,0.0055925874508347207,0.0023089436930228404,4.0416313129575418e-05,4.3449126721061972e-05,2.775085932186017e-06,0.00062156629704794857,0.013418515746795383,0.00029607043434278066,0.0014720482340999984,0.00035246951554735925,0.0048711894876728818,0.00019571575638475076,0.00012859286581520479,0.0035757837997546552,0.010802882745784314,0.00025448342234880291,0.00013592057310445963,3.8237165840299325e-05,1.3659264216179821e-05,0.95723125242349616,0.018689588228869194,4.6067818219503402e-06,0.01181252272334399
'W',0.0035388793689065897,0.98219661712371953,0.79083778054539045,0.0011011631364383878,0.020799866878618328,0.99368181239524822,0.070635416123624034,0.39390572564021337,0.99674139478868973,0.97423003251349793,0.12915732770964855,0.0014097148660524774,0.00028206997766985856,0.003419481923700098,0.0021725424361470043,0.0047649405427148692,5.8635734351577753e-05,1.5097873378287123e-05,7.1685645791073542e-07,0.0013277539430157296,0.033266081254271787,0.0003331501697247959,0.00050362613529642756,0.00062525427801403074,0.0046175855837765336,0.00025445814939170641,0.00061978798804071837,0.0015346298434857071,0.017251198886033776,0.0006099744806210872,0.00032446744077763287,1.1078547475382079e-05,1.6480482225779471e-05,0.96564629409493197,0.019430455603664049,2.1883380691991118e-06,0.022552457236896722
'W',0.0027648537967479929,0.97682015879691553,0.71482746952396792,0.055481710364369052,0.24615435166543312,0.99722499264814868,0.11849363262037456,0.35993426781976667,0.94445667185729298,0.99843629550264956,0.067587079819303703,0.0029783764245346319,0.00011631204631975229,0.008073234788981476,0.0055925874508347207,0.0023089436930228404,4.0416313129575418e-05,4.3449126721061972e-05,2.775085932186017e-06,0.00062156629704794857,0.013418515746795383,0.00029607043434278066,0.0014720482340999984,0.00035246951554735925,0.0048711894876728818,0.00019571575638475076,0.00012859286581520479,0.0035757837997546552,0.010802882745784314,0.00025448342234880291,0.00013592057310445963,3.8237165840299325e-05,1.3659264216179821e-05,0.95723125242349616,0.018689588228869194,4.6067818219503402e-06,0.01181252272334399
'X',0.0031872082878498711,0.99962376995733804,0.022153092865788808,0.99171076370955058,0.037754064457492305,0.96642937447637844,0.89863670896410253,0.045197484762707699,0.91103156883969982,0.99933343049681889,0.99825403758706055,2.5847818409765015e-05,0.012223991819927229,2.5752034112192514e-08,2.924908793532857e-07,9.0371248577553722e-07,0.0012076249094893545,0.00014643953792968525,9.0028966608710175e-07,0.0013036462099452208,1.2918648827636139e-07,0.0021307958647411619,0.009145070051865295,0.00028734361893275641,0.028780081239336713,7.1377348951225813e-07,5.0120704656753515e-08,0.020202047995453113,0.00013361606073856056,0.00011547492727327487,8.266846486179779e-06,2.8116123127508848e-07,0.00036066667311961961,0.013443837050846419,0.96326118563750751,0.012371693016516387,0.0051219139506829062
'X',0.0031872082878498711,0.99962376995733804,0.022153092865788808,0.99171076370955058,0.037754064457492305,0.96642937447637844,0.89863670896410253,0.045197484762707699,0.91103156883969982,0.99933343049681889,0.99825403758706055,2.5847818409765015e-05,0.012223991819927229,2.5752034112192514e-08,2.924908793532857e-07,9.0371248577553722e-07,0.0012076249094893545,0.00014643953792968525,9.0028966608710175e-07,0.0013036462099452208,1.2918648827636139e-07,0.0021307958647411619,0.009145070051865295,0.00028734361893275641,0.028780081239336713,7.1377348951225813e-07,5.0120704656753515e-08,0.020202047995453113,0.00013361606073856056,0.00011547492727327487,8.266846486179779e-06,2.8116123127508848e-07,0.00036066667311961961,0.013443837050846419,0.96326118563750751,0.012371693016516387,0.0051219139506829062
'X',0.003269729970374211,0.99962095913559501,0.023514829528081357,0.99173285447050552,0.037833306896223981,0.96586025777795104,0.90194664029259064,0.044520767290935889,0.90530802651261055,0.99933413101398894,0.99828502554577403,2.6821755708341417e-05,0.012013080111110574,2.5176293414258497e-08,2.9300605594963996e-07,9.1238692209933964e-07,0.0012171340104516135,0.00014940867071075922,9.2916255583936576e-07,0.0013076399762159572,1.2794962034971709e-07,0.0021546364869569567,0.0092420519701486414,0.00029073384600599616,0.02999047264310422,7.0930738484741552e-07,4.8804367739419899e-08,0.019793376593006447,0.00013567808528591594,0.00011888845530594806,8.1332471455905731e-06,2.8204815334232893e-07,0.00035922674920260689,0.01330491398695155,0.96282974044536218,0.012486868247278597,0.0051108038196515044
'Y',0.0024699622705347149,0.99493625196353863,0.10952188337570706,0.98772704311640469,0.83264937383561988,0.002856220938602307,0.97608107196529059,0.43172317060179344,0.69885911615361695,0.0041840635894462843,0.98795770709274178,0.010110290395490907,0.00083408698499375111,1.246949042386068e-06,2.7489553286921708e-06,1.4062380560560271e-07,0.00030125479331145568,0.0063346450211354318,0.0010267331921965828,0.0061314918252321007,6.4632539986733944e-06,0.00056684123042101148,0.0014368979461780841,0.0093938507020299485,0.00022737022034256341,4.2181092240471263e-06,6.7386461606331194e-08,0.00013816667778968799,2.167109070174835e-07,3.5536374475873392e-06,0.0023282311035437899,0.012749127244249871,0.0054816383598751805,1.1756158419349725e-05,0.01368508812204222,0.95743020068075924,2.4582890972414956e-05
'Y',0.0019563244361209269,0.99686353547944162,0.060432681396710548,0.98086711747550226,0.90312322035584613,0.00025983040326065947,0.99324052169364285,0.46834495581198715,0.65931695728109285,0.005711290829694256,0.9870237172340155,0.015155437632271172,0.00048718634517804665,1.6785657633311059e-06,3.2272867769327979e-06,1.0695629327931993e-07,0.00038383320879316341,0.0074626326323324081,0.00206402135895532,0.0040483844480646179,4.9643080202081168e-06,0.00070005036325031321,0.0013415429754787525,0.0081366138551536502,0.00019564900731756783,3.7995967216514948e-06,4.892655024742573e-08,0.00019563373942060356,2.1912744505014247e-07,2.4743950336855352e-06,0.0024613617204167315,0.018235105001943697,0.0052707015076156891,1.0226797964617282e-05,0.012659560977163888,0.96752356776718973,1.3744066581576921e-05
'Y',0.0027977922499407273,0.99956392835204211,0.063397605860464584,0.9704356625875008,0.870763340075282,0.0014418545359627345,0.98697100918475955,0.30364633784492984,0.84792043600035472,0.00093199995140581891,0.99991485514634915,0.0050600847261217082,0.001417333886678375,1.518367862688994e-06,1.8340446283431365e-06,1.0258288775131098e-07,0.00021250375005791176,0.0068928689239282784,0.00069749538370986034,0.016533406834803321,4.3370786000398383e-06,0.00051229338735683425,0.003373887146041287,0.004557811918707402,0.00014400639521104823,1.6562177417040572e-06,6.3473185312245446e-08,0.00016318423284068928,9.3816465701798366e-08,3.1711380742726818e-06,0.0021152762380263123,0.024043101600258954,0.0050019003588714283,1.4136091590471352e-05,0.030208811111273087,0.97006377618091955,3.7453557141390411e-05
'Z',0.0030295200506493666,0.020298969292355609,0.99343436075162506,0.99962335121219181,0.0070057858801061629,0.014531830727028988,0.6902157582133206,0.082367471412116797,0.99589854202003647,0.94127043814972655,0.18616300776434366,8.3310386041017377e-05,0.0069453234144308523,6.1725164126642322e-07,0.024769073570661992,0.00052141692138872196,4.1047107668142375e-07,0.0027124578733539969,7.0069120646916995e-08,0.020757653258581352,0.0066164879613659043,0.0022652458006402784,0.018182449307160509,0.0018122185290258036,0.0095380855156307672,0.00017201484322666103,1.8174730973015651e-07,0.00075526541459586022,0.0002536912306859795,0.0001621592644852237,9.3422843918426272e-07,0.0010256246086034438,0.016811254170776762,0.0002237846684955436,0.0012236069499783923,8.2558828008278402e-05,0.96580096147523986
'Z',0.005967639202500645,0.12004614718757724,0.99897760403358671,0.79464102550762228,0.0031720508740274087,0.17577564002819257,0.42522605400199598,0.016543070423044537,0.92709223526468998,0.94511344570003686,0.17581994744048704,0.00014075112433406943,0.0099966771120975819,8.0917336388635715e-06,0.042194399414616619,0.0006902420508844672,7.0850728435848693e-07,0.0044870594803624727,1.8521920227532269e-07,0.019513549095331997,0.013763491013117524,0.0015604576605866189,0.014399913095631501,0.0030327330417075269,0.015678095608263578,0.00034751854666119445,2.2687412157967155e-06,0.0013339174982079981,0.001545009526449334,0.00057800901662117339,2.744898479478014e-06,0.00056343944558992617,0.0030347262972651385,0.0033721979034716451,0.0019019940281941265,4.1745722973667594e-05,0.9452043432698829
'Z',0.0030670800439489129,0.01955198415562252,0.99375740033662252,0.99966017344081304,0.0069765618060030916,0.015221476074971371,0.71610977823173616,0.073113329873047486,0.99532798721537863,0.94321762787217844,0.18244904049136762,8.6491241758096732e-05,0.0065342777261049086,5.3652841044839246e-07,0.022869477709589608,0.00056528646234733383,4.1878584308808419e-07,0.0026324263326327523,7.0705076405643755e-08,0.022667054131373775,0.0060697558971714157,0.0023568259887252804,0.020894271216801652,0.0016323122154214304,0.010415619142953325,0.00015006700264062972,1.5260928561855824e-07,0.0006904540569703558,0.00023500653180443204,0.00017304107712522686,8.272657849853137e-07,0.0010870932697394653,0.017346978568680053,0.0002111997180520291,0.0012717120920516503,8.4517512863806373e-05,0.96704778232397881
Hidden Nodes,10
Iterations,23735
alpha,1.0
eta,1
epsilon,0.01
Letter Iterations,"[ 270.  497.  807.  730.  457.  460.  438.  541.  552.  896.  300.  386.
  465.  488.  744.  586.  487.  384.  722.  809.  634.  355.  302.  377.
  373.  494.]"
